{"cameraMode":{"drawMode":0,"name":"Shaded","section":"Shading Mode"},"sceneLighting":false,"audioPlay":false,"sceneViewState":{"showFog":true,"showMaterialUpdate":true,"showSkybox":false,"showFlares":true,"showImageEffects":true,"showParticleSystems":true},"in2DMode":false,"pivot":{"x":-4.0,"y":0.9913188219070435,"z":0.058792680501937869},"rotation":{"x":0.1620967835187912,"y":0.6708357930183411,"z":-0.15375475585460664,"w":0.7072131633758545},"size":6.26143741607666,"orthographic":false}