{"cameraMode":{"drawMode":0,"name":"Shaded","section":"Shading Mode"},"sceneLighting":true,"audioPlay":false,"sceneViewState":{"showFog":true,"showMaterialUpdate":true,"showSkybox":true,"showFlares":true,"showImageEffects":true,"showParticleSystems":true},"in2DMode":false,"pivot":{"x":-2.0118281841278078,"y":0.33732539415359499,"z":0.1276928186416626},"rotation":{"x":-0.26404762268066409,"y":0.0297748614102602,"z":-0.008261984214186669,"w":-0.9641661643981934},"size":3.564713716506958,"orthographic":false}