{"cameraMode":{"drawMode":0,"name":"Shaded","section":"Shading Mode"},"sceneLighting":false,"audioPlay":false,"sceneViewState":{"showFog":true,"showMaterialUpdate":true,"showSkybox":false,"showFlares":true,"showImageEffects":true,"showParticleSystems":true},"in2DMode":false,"pivot":{"x":-0.7726399898529053,"y":4.175983428955078,"z":5.409999847412109},"rotation":{"x":-0.23621578514575959,"y":-0.19153815507888795,"z":0.04747047647833824,"w":-0.9515465497970581},"size":0.8573654294013977,"orthographic":false}