{"cameraMode":{"drawMode":0,"name":"Shaded","section":"Shading Mode"},"sceneLighting":false,"audioPlay":false,"sceneViewState":{"showFog":true,"showMaterialUpdate":true,"showSkybox":false,"showFlares":true,"showImageEffects":true,"showParticleSystems":true},"in2DMode":false,"pivot":{"x":-0.2677866220474243,"y":5.126001358032227,"z":-1.7244341373443604},"rotation":{"x":0.5070057511329651,"y":0.08121322840452194,"z":-0.04807372763752937,"w":0.8568320870399475},"size":-1.6673259735107422,"orthographic":false}