{"cameraMode":{"drawMode":0,"name":"Shaded","section":"Shading Mode"},"sceneLighting":false,"audioPlay":false,"sceneViewState":{"showFog":true,"showMaterialUpdate":true,"showSkybox":false,"showFlares":true,"showImageEffects":true,"showParticleSystems":true},"in2DMode":false,"pivot":{"x":-0.267995685338974,"y":-1.3162765502929688,"z":2.2233314514160158},"rotation":{"x":0.4446764588356018,"y":-0.009406634606420994,"z":0.004652553703635931,"w":0.8956947326660156},"size":5.124078273773193,"orthographic":false}