{"cameraMode":{"drawMode":0,"name":"Shaded","section":"Shading Mode"},"sceneLighting":false,"audioPlay":false,"sceneViewState":{"showFog":true,"showMaterialUpdate":true,"showSkybox":false,"showFlares":true,"showImageEffects":true,"showParticleSystems":true},"in2DMode":false,"pivot":{"x":-0.7726399898529053,"y":4.175983428955078,"z":5.409999847412109},"rotation":{"x":0.17793354392051698,"y":-0.5017055869102478,"z":0.10638408362865448,"w":0.839913010597229},"size":2.8578836917877199,"orthographic":false}