{"cameraMode":{"drawMode":0,"name":"Shaded","section":"Shading Mode"},"sceneLighting":false,"audioPlay":false,"sceneViewState":{"showFog":true,"showMaterialUpdate":true,"showSkybox":false,"showFlares":true,"showImageEffects":true,"showParticleSystems":true},"in2DMode":false,"pivot":{"x":-0.7726399898529053,"y":4.175983428955078,"z":5.409999847412109},"rotation":{"x":-0.36189454793930056,"y":-0.049541257321834567,"z":0.0191145371645689,"w":-0.9307865500450134},"size":0.8573654294013977,"orthographic":false}