{"cameraMode":{"drawMode":0,"name":"Shaded","section":"Shading Mode"},"sceneLighting":false,"audioPlay":false,"sceneViewState":{"showFog":true,"showMaterialUpdate":true,"showSkybox":false,"showFlares":true,"showImageEffects":true,"showParticleSystems":true},"in2DMode":false,"pivot":{"x":-0.0700000524520874,"y":1.0092968940734864,"z":0.01079268753528595},"rotation":{"x":0.1620967835187912,"y":0.6708357930183411,"z":-0.15375475585460664,"w":0.7072131633758545},"size":6.17445182800293,"orthographic":false}