{"cameraMode":{"drawMode":0,"name":"Shaded","section":"Shading Mode"},"sceneLighting":false,"audioPlay":false,"sceneViewState":{"showFog":true,"showMaterialUpdate":true,"showSkybox":false,"showFlares":true,"showImageEffects":true,"showParticleSystems":true},"in2DMode":false,"pivot":{"x":0.13465800881385804,"y":1.0731943845748902,"z":0.365303635597229},"rotation":{"x":0.3041883409023285,"y":0.03714313358068466,"z":-0.011885701678693295,"w":0.9518746733665466},"size":1.7673184871673585,"orthographic":false}